author_name,rating,review_text,publish_time,place_name,place_id,place_location,place_rating
Camille Phan,5,Free parking underground. Spacious. Nice staff (taking time looking for a different Happy Meal toy for my son).,2025-08-20T15:35:19.443443693Z,McDonald's,ChIJoQ2tW6iiIw0RT8ObuIli6Kk,"{'latitude': 40.632467, 'longitude': -8.650501}",4.3
Nico Vogel,2,According to the internet there is gluten-free burgers but not at this MC Donald's,2025-09-27T14:41:54.595874609Z,McDonald's,ChIJoQ2tW6iiIw0RT8ObuIli6Kk,"{'latitude': 40.632467, 'longitude': -8.650501}",4.3
Wendy Cooper,5,"Amazing how different and then similar it was to U.S. Different: lots of healthy menu options, beautiful patio, bakery counter, recyclable silverware. Same: was still fast food with traditional menu items.",2024-04-24T12:24:26.938064Z,McDonald's,ChIJoQ2tW6iiIw0RT8ObuIli6Kk,"{'latitude': 40.632467, 'longitude': -8.650501}",4.3
Daniela Da Silva,5,"It's just a McDonald's, but I like the aesthetic and location. Food is good and the service is really fast. The staff is nice and friendly. Sometimes it's really crowded but it's because it's close to the university.",2024-04-10T01:43:04.020798Z,McDonald's,ChIJoQ2tW6iiIw0RT8ObuIli6Kk,"{'latitude': 40.632467, 'longitude': -8.650501}",4.3
√áiƒüdem AKRAY,5,"Beautiful fasfood place, service is so nice, personnel face wity smiley",2025-08-02T20:45:32.983595881Z,McDonald's,ChIJoQ2tW6iiIw0RT8ObuIli6Kk,"{'latitude': 40.632467, 'longitude': -8.650501}",4.3
J Corujo,4,"A bit noisy place as you expect from a huge area with many people.  Nice staff, nice food and nice price. Recommended if you are looking for a family place and bring your teens and kids.",2025-09-06T20:24:09.511832126Z,Os Ossinhos,ChIJzd6bxw-jIw0RLcsWJszcX7o,"{'latitude': 40.6288142, 'longitude': -8.6426654}",4.3
Roza Kozimor,5,"This place deserves all 5 stars. The food for two people is not only delicious but you get value for your money. Service is great, atmosphere more traditional. I recommend coming here if you want food at high standard üòã",2023-12-28T14:03:45.719715Z,Os Ossinhos,ChIJzd6bxw-jIw0RLcsWJszcX7o,"{'latitude': 40.6288142, 'longitude': -8.6426654}",4.3
Carlo DJ123,5,Very good food...it does get loud and boisterous...great  for large family groups and gatherings...could use some more air conditioning..but the food is solid and well presented...,2025-08-29T14:22:11.424337962Z,Os Ossinhos,ChIJzd6bxw-jIw0RLcsWJszcX7o,"{'latitude': 40.6288142, 'longitude': -8.6426654}",4.3
silvia salvador,5,Popular restaurant.  Definitely make a reservation especially during the summer and weekends,2025-08-29T10:02:42.018924065Z,Os Ossinhos,ChIJzd6bxw-jIw0RLcsWJszcX7o,"{'latitude': 40.6288142, 'longitude': -8.6426654}",4.3
Filipe Sousa,4,"Ossinhos is a great value for the money! Staff is, all in all very friendly, with a handful of them really standing out for their attention either the clients! I usually just go with chicken, ribs and leit√£o. Saturday‚Äôs feijoada √† brasileira dia, really good! Especially if you take it out as servings are really generous ;)",2023-10-07T13:09:21.077118Z,Os Ossinhos,ChIJzd6bxw-jIw0RLcsWJszcX7o,"{'latitude': 40.6288142, 'longitude': -8.6426654}",4.3
A I,5,One of the nicest all you can eat sushi places in Aveiro. I went for my birthday and really had a great time. The servers speak English and you get your own tablet to order. The restaurant is very spacious and can Accomodations to large groups. It‚Äôs not the cheapest but from the other similar places I‚Äôve been to around town it definitely is one of the nicest! They even had sake! It wasn‚Äôt fresh but they serve it by the glass (which I‚Äôve never had before).,2024-11-10T21:46:05.540541Z,ChimiSushi,ChIJX1v16LqjIw0RwqwpstcqMqU,"{'latitude': 40.6286305, 'longitude': -8.644398899999999}",4.7
Min Zhou,5,"This is the most delicious and exquisite sushi we have ever eaten, top food, top service, top management, and the decoration is elegant and classy. You can tell that this is a well-trained team. It makes people feel very happy and comfortable. I already want to eat there again.",2024-05-06T20:24:12.259548Z,ChimiSushi,ChIJX1v16LqjIw0RwqwpstcqMqU,"{'latitude': 40.6286305, 'longitude': -8.644398899999999}",4.7
Sacha Meilleurat,5,"This is the best place I have ever been to. The concept is simple: you order your dishes from a tablet. And this is not just a gimmick! The food is very good, and some dishes are very special. The place is beautiful and has a retro vibe. You should go and see for yourself!",2024-11-19T22:12:57.074173Z,ChimiSushi,ChIJX1v16LqjIw0RwqwpstcqMqU,"{'latitude': 40.6286305, 'longitude': -8.644398899999999}",4.7
Xavier Quintas,5,One of the best sushi restaurants in Portugal - I also loved their dessert - Tiramisu with Macha,2025-08-28T21:37:49.627113422Z,ChimiSushi,ChIJX1v16LqjIw0RwqwpstcqMqU,"{'latitude': 40.6286305, 'longitude': -8.644398899999999}",4.7
Paloma Nunes,5,"great service, nice place with relaxing music, I was served well and quickly, the shrimp and salmon were very well served. gratitude for being in an environment that feels like home",2024-04-08T13:34:15.526261Z,ChimiSushi,ChIJX1v16LqjIw0RwqwpstcqMqU,"{'latitude': 40.6286305, 'longitude': -8.644398899999999}",4.7
Rui Sousa,4,"Really good food, try the cod fish!",2025-09-28T13:43:36.988171419Z,Ceboleiros,ChIJn-F56qeiIw0R4CrQXuUAR-Q,"{'latitude': 40.6334076, 'longitude': -8.647974}",4.4
Paulo Alves,3,"Good food, a bit expensive and very very noisy",2025-03-10T20:50:51.199450Z,Ceboleiros,ChIJn-F56qeiIw0R4CrQXuUAR-Q,"{'latitude': 40.6334076, 'longitude': -8.647974}",4.4
Igor Marques,5,"Good food, nice staff.",2022-06-10T13:02:42.721716Z,Ceboleiros,ChIJn-F56qeiIw0R4CrQXuUAR-Q,"{'latitude': 40.6334076, 'longitude': -8.647974}",4.4
John Perdigao,5,Great food and great service.  This is worth a trip.  They have both seafood and meat dishes.  All great.,2022-04-02T11:37:26.419875Z,Ceboleiros,ChIJn-F56qeiIw0R4CrQXuUAR-Q,"{'latitude': 40.6334076, 'longitude': -8.647974}",4.4
Ana Ramalheira,5,A local and friendly trattoria like restaurant. Very good portuguese food. Excelent quality-price relationship.,2021-05-15T17:34:50.203194Z,Ceboleiros,ChIJn-F56qeiIw0R4CrQXuUAR-Q,"{'latitude': 40.6334076, 'longitude': -8.647974}",4.4
Andre Jord√£o,5,"Good self-service experience, good ingredients, very nice staff. A bit expensive though.",2025-01-25T16:22:52.962106Z,Maria Pitanga A√ßaiteria - Aveiro,ChIJ9UZ3JqyjIw0RDGM_7hz9Tgs,"{'latitude': 40.626367599999995, 'longitude': -8.6473549}",4.9
Casomais112 Martinez,5,Best A√ßa√≠ ever. All kinds of options and just delicious. The owner let me try all options and then I was able to chose myself what to pick. And the snacks they have are also so good. The owners are also very sweet and helpful. Next time in Aveiro I will return.,2024-11-28T18:22:57.486774Z,Maria Pitanga A√ßaiteria - Aveiro,ChIJ9UZ3JqyjIw0RDGM_7hz9Tgs,"{'latitude': 40.626367599999995, 'longitude': -8.6473549}",4.9
Eliana Calvo,5,"Best a√ßa√≠ I have ever tried. I never new there were so many different variations of a√ßa√≠ and the owner let us try all of them before we order ( Cupua√ßu flavour is delicious).
Great service and fair price.
I will definetly choose this place every time I have my a√ßa√≠ cravings üòÅü•∞",2024-07-28T17:17:50.879732Z,Maria Pitanga A√ßaiteria - Aveiro,ChIJ9UZ3JqyjIw0RDGM_7hz9Tgs,"{'latitude': 40.626367599999995, 'longitude': -8.6473549}",4.9
G√ºven Kimen√ße,5,Amazing and cheerful staff! I loved the a√ßa√≠ even if it was my first try!,2024-11-08T23:09:06.275827Z,Maria Pitanga A√ßaiteria - Aveiro,ChIJ9UZ3JqyjIw0RDGM_7hz9Tgs,"{'latitude': 40.626367599999995, 'longitude': -8.6473549}",4.9
Jose Carlos Germino,5,"Excellent team! Original a√ßa√≠ from Brazil, with another options to the people. I strongly recommend!!!",2024-06-18T14:41:47.519274Z,Maria Pitanga A√ßaiteria - Aveiro,ChIJ9UZ3JqyjIw0RDGM_7hz9Tgs,"{'latitude': 40.626367599999995, 'longitude': -8.6473549}",4.9
Emma Shang Hansen,1,"Food poisoning alert!! We have ordered takeaway twice from this place within the last month. Both times, one of us have gotten food poisoning from the chicken wings. Very disappointing, and I advise people to stay away!",2025-10-26T08:34:05.276512622Z,KFC Aveiro,ChIJnxn8Y9mjIw0Rb7HaCcSLITc,"{'latitude': 40.627324699999996, 'longitude': -8.644819799999999}",3.9
Demid O,2,"There weren't many people, only me, but the service was really bad somehow. Staff forgot the ice cream and reacted  as  I did something wrong, looked very blamy as I'm the problem and not the missing ice cream. The other time I ordered 1 type of chicken, but they gave me a different one in different amounts, it seems that they do that not occasionally. Note for everyone eating here: never be nice with the staff here as they consider it as a weakness and check what you ordered every time after your order is complete.",2025-01-06T16:36:40.704436Z,KFC Aveiro,ChIJnxn8Y9mjIw0Rb7HaCcSLITc,"{'latitude': 40.627324699999996, 'longitude': -8.644819799999999}",3.9
Roger Aires,5,Pretty good food and the staff was kind and efficient.,2025-07-14T16:52:43.676299937Z,KFC Aveiro,ChIJnxn8Y9mjIw0Rb7HaCcSLITc,"{'latitude': 40.627324699999996, 'longitude': -8.644819799999999}",3.9
Nathaly Yumie,5,"Yum yum! Great service, great food.",2025-08-18T08:47:00.600118936Z,KFC Aveiro,ChIJnxn8Y9mjIw0Rb7HaCcSLITc,"{'latitude': 40.627324699999996, 'longitude': -8.644819799999999}",3.9
Agnieszka Florczyk,1,"This p≈Çace is so bad, time for a worker to come to the cashier takes ages, besides that the quality of the meal is very far from what you can find in other KFC restaurants. Small pieces that you can barely find in the bag that you get. Drinks? Just sweet water. Not worth it at all, complately unsatisfying. Many better option to chose.",2022-04-09T21:41:47.742672Z,KFC Aveiro,ChIJnxn8Y9mjIw0Rb7HaCcSLITc,"{'latitude': 40.627324699999996, 'longitude': -8.644819799999999}",3.9
Attila Bongiovanni,5,"Fantasticrestaurant!
Delicious food: I loved the ceviche and the leitao croquetas for starters. Arroz de mariscos and picanha for main and a great petit gateau for dessert.
The service is friendly and professional.
I also liked how it is well decorated (even though i am not a fan of plastic plants) and with modern interior
Prices are ok. Pricey compared to Portuguese standards but that's obvious to be expected considering the quality and the place",2024-12-20T18:00:17.539101Z,FAMA by Lu√≠s Lavrador,ChIJGzl6FF-jIw0RqD2xkPwE8to,"{'latitude': 40.625810900000005, 'longitude': -8.645055}",4.7
Ta Ma,5,"Returning to this restaurant for the second time, our expectations were once again exceeded. After over ten years of honest exploration in Portugal, I can confidently say that this restaurant stands out as one of the best I‚Äôve ever experienced.

The service was impeccable ‚Äì helpful, friendly, and authentic. Our request was honored, and we were seated with a view into the kitchen, which added an exciting dimension to our dining experience. The food was flawless, with the daily fish being particularly delicious, along with all the appetizers we sampled.

The wine recommendation was spot-on, perfectly aligning with my tastes as described to the waiter, who demonstrated not only expertise in food but also in wine ‚Äì a definite plus. The ambiance was charming, with the entire team, aside from the kitchen, exuding warmth. The restaurant‚Äôs decor was beautifully curated, adding to the overall experience.

I‚Äôm already looking forward to my next visit. This restaurant is my top recommendation for anyone visiting Portugal ‚Äì don‚Äôt miss out on it.",2024-05-02T13:48:07.136594Z,FAMA by Lu√≠s Lavrador,ChIJGzl6FF-jIw0RqD2xkPwE8to,"{'latitude': 40.625810900000005, 'longitude': -8.645055}",4.7
Mohannad Jooriah,2,"I went there with a friend to celebrate a professional achievement, and we chose this restaurant based on the reviews we found online. We went there with high expectations but the whole experience was really disappointing!!
Starting with charging the Couvert (bread, butter and p√¢t√©) per person, I really do not understand the logic here! What if a group of ten people goes there and only half of them ate the couvert, those who did not eat would still pay 2‚Ç¨ each for something that they didn‚Äôt even try?! As starters, we ordered the prawns (6 prawns) and tuna ceviche (both not included in the menu here). They both tasted nice but the ceviche was served as two mini tacos with literally un-chewable mini tortilla. We also got the vegetable soup that was average.
For main dishes we ordered ‚ÄúBraised octopus tentacle‚Äù and the ‚ÄúLow temperature oxtail‚Äù. The oxtail was acceptable,  a small cuboid with pur√©e and some vegetables. However, the octopus (served with sweet potato puree and a small pot of octopus pearl barley) was dry and flavorless with very very hard skin that I needed to spit out some bites for not being able to chew them, it definitely does not represent the world-famous Portuguese octopus.
After not being asked our opinion about the main dishes, our choice for dessert was the almond cake. While the cake itself (sponge cake with the ‚ÄúAveirense‚Äù egg cream ‚Äúovos moles‚Äù with some almond flakes on top) was covered with an overwhelming amount of powder sugar, it was served with nice cinnamon ice-cream.
At the end, all we wanted was finishing the meal with a nice cup of coffee, so I ordered an espresso and my friend ordered an ‚Äúabatanado‚Äù (an espresso with some more water) and a ‚ÄúGLASS‚Äù of water with coffee. We got coffee from a commercial brand that was almost double the price of specialty coffee at a coffee roaster caf√©, and instead of the glass of water I asked for, I got a 2.5‚Ç¨ 30cl bottle of water.
Maybe having high expectations is the reason behind this negative review but I genuinely find everything we ordered very overpriced for what it is.",2023-06-11T17:47:40.134579Z,FAMA by Lu√≠s Lavrador,ChIJGzl6FF-jIw0RqD2xkPwE8to,"{'latitude': 40.625810900000005, 'longitude': -8.645055}",4.7
Jacob Caplan,5,"I highly recommend this restaurant. Great food. Had the set menu - everything was great. The scallop with green apple caviar and beurre blanc sauce was incredible.

Server was friendly and gave good explanations of the dishes.

It was a bit away from the historic center of Aveiro but worth the walk or short Uber.",2024-05-29T18:17:15.425826Z,FAMA by Lu√≠s Lavrador,ChIJGzl6FF-jIw0RqD2xkPwE8to,"{'latitude': 40.625810900000005, 'longitude': -8.645055}",4.7
A I,4,"The portion sizes were pretty huge! We honestly could have shared one of the dishes + 2 soups and therefore been able to eat dessert. However, our waiter wasn‚Äôt very informative in that manner. Just wanting to push sales for the tasting menu (we both felt). And thus we were too full to eat dessert :( The food was so good we ordered home delivery again the next day (the polvo). I feel like a dining experience should be the whole package. And for me the service could have been better in terms of actually recommending and advising instead of trying to sell. The fish soup is amazing here!",2021-06-13T06:17:28.880710Z,FAMA by Lu√≠s Lavrador,ChIJGzl6FF-jIw0RqD2xkPwE8to,"{'latitude': 40.625810900000005, 'longitude': -8.645055}",4.7
Luigi Cervone,2,"Disappointing Experience at Domino's Pizza in Aveiro

I recently visited Domino's Pizza in Aveiro with a group of friends, excited to try the ""all you can eat"" menu that included unlimited drinks. Unfortunately, the experience fell short of our expectations, and I would like to share my negative review with you.

Upon arrival, we were informed that the ""all you can eat"" menu did not include unlimited drinks as we had anticipated. Instead, we were offered a menu without any drinks included, but at the same price. This discrepancy from the advertised offer left us disappointed, as we had specifically chosen the restaurant for the option of unlimited drinks.

Furthermore, we expressed our dissatisfaction to the staff and the misunderstanding that had occurred. We were disappointed that no discount or remedy was offered for the inconvenience. It would have been appreciated if a gesture of goodwill had been made to compensate for the discomfort caused.

Regarding the food, we were let down by the quality that didn't resemble a real pizza in the slightest. The pizzas lacked flavor, the texture of the crust was not authentic, and it seemed that the ingredients used were of low quality. We didn't expect to have an artisanal pizza, but the difference was so noticeable that it was difficult to truly enjoy the food.

In conclusion, my experience at Domino's Pizza in Aveiro was disappointing due to the lack of unlimited drinks as promised in the ""all you can eat"" menu, the absence of any remedy or discount offered for the inconvenience, and the quality of the food that bore no resemblance to a real pizza. I cannot fully recommend this restaurant to those seeking a satisfying pizza experience.

I hope that my review can be helpful to those looking for alternatives for a pizza evening in Aveiro.",2023-07-07T22:30:41.277307Z,Domino's Pizza Aveiro,ChIJ7wtskLajIw0R5-CO0Z5I99g,"{'latitude': 40.631322399999995, 'longitude': -8.6480351}",4.3
Baki,1,"Don't order their pizza on glovo, they have the worst delivery service and spoiler alert: your pizza will never arrive. When you try to call them to ask where your pizza is, they just hang up the call because they do not speak english apparently.",2024-03-05T22:35:51.578972Z,Domino's Pizza Aveiro,ChIJ7wtskLajIw0R5-CO0Z5I99g,"{'latitude': 40.631322399999995, 'longitude': -8.6480351}",4.3
Tiago Silva,2,"Make sure to get a table outside if you‚Äôre getting the  ‚ÄúCome e Bebe‚Äù Menu, otherwise if you step a toe nail out of the door while eating inside, the manager will stop getting you food.",2024-07-31T11:58:04.609510Z,Domino's Pizza Aveiro,ChIJ7wtskLajIw0R5-CO0Z5I99g,"{'latitude': 40.631322399999995, 'longitude': -8.6480351}",4.3
Don Delgado,1,"Horrible delivery service. Guys just come at whatever time they please, then leave with the pizza. So you must walk for it to the shop like you didnt order delivery.",2022-06-08T11:56:07.006697Z,Domino's Pizza Aveiro,ChIJ7wtskLajIw0R5-CO0Z5I99g,"{'latitude': 40.631322399999995, 'longitude': -8.6480351}",4.3
John Sanchez,4,The employees are all very nice and helpful.,2024-08-20T14:21:05.161968Z,Domino's Pizza Aveiro,ChIJ7wtskLajIw0R5-CO0Z5I99g,"{'latitude': 40.631322399999995, 'longitude': -8.6480351}",4.3
Vasco Ferreira,4,"Overall good food, but it strays far from the authentic Mexican experience, which is expected since it's a fast food place.",2022-08-22T08:12:28.998437Z,Taco Bell Glicinias Plaza,ChIJhaGpnGejIw0RQ7IJobtUa8c,"{'latitude': 40.627713799999995, 'longitude': -8.6442611}",4.3
Daria Grid-in-a,1,"Today I bought a burrito and a Pepsi here, I paid 4.45 euros. The burrito was empty. There was some sauce smeared on it and there were a couple of grains of meat, most of it was dry pita. This wasn't my first time here, and I've been served by other people before, the girls. They made mge a great juicy burrito that had a lot of toppings. I can't understand why the food was so bad today??? I love Mexican fast food, but I won't be coming here again.",2023-04-04T20:00:15.067561Z,Taco Bell Glicinias Plaza,ChIJhaGpnGejIw0RQ7IJobtUa8c,"{'latitude': 40.627713799999995, 'longitude': -8.6442611}",4.3
Zebros Two,3,"very lovely service,beautiful atmosphere, but I had
Diarrhea after, my burrito was very taste but something went wrong.",2025-02-10T20:21:58.691288Z,Taco Bell Glicinias Plaza,ChIJhaGpnGejIw0RQ7IJobtUa8c,"{'latitude': 40.627713799999995, 'longitude': -8.6442611}",4.3
Paulo Ruben,5,"It's in a shopping mall atmosphere...
Courteous service... Enjoy the texmax.",2025-09-29T11:02:49.822249643Z,Taco Bell Glicinias Plaza,ChIJhaGpnGejIw0RQ7IJobtUa8c,"{'latitude': 40.627713799999995, 'longitude': -8.6442611}",4.3
qamar butt,5,I have a very good experience everything is very fresh and the food is very tasty.,2025-07-02T16:12:38.660144534Z,Taco Bell Glicinias Plaza,ChIJhaGpnGejIw0RQ7IJobtUa8c,"{'latitude': 40.627713799999995, 'longitude': -8.6442611}",4.3
Stijn,1,"I ordered a Alabama burger menu with a beans soup, I thought let's try something different. Within 20 seconds my order was ready which worried me a little bit... It turned out I got the wrong soup (which didn't have any flavour at all) and the burger barely had sauce and was definitely not fresh. I got 6 bags of tomato ketchup though which is nice but I didn't have anything to put it on but proofs that they don't know what they are doing. Once again learned to not go to Macdonald's!",2021-08-13T21:28:46.337657Z,McDonald's - Aveiro Glic√≠nias,ChIJB2GZ8qSiIw0RoL5sMBqTvIc,"{'latitude': 40.626881, 'longitude': -8.645451999999999}",4.2
joabe pires,5,Excellent service! Best place in Aveiro!,2024-01-12T10:47:11.813937Z,McDonald's - Aveiro Glic√≠nias,ChIJB2GZ8qSiIw0RoL5sMBqTvIc,"{'latitude': 40.626881, 'longitude': -8.645451999999999}",4.2
Jose Dias,4,Good option for a quick meal. Fast response to requests.,2020-02-16T19:12:18.864648Z,McDonald's - Aveiro Glic√≠nias,ChIJB2GZ8qSiIw0RoL5sMBqTvIc,"{'latitude': 40.626881, 'longitude': -8.645451999999999}",4.2
Ahsan Jay,5,I ordered a fish burger. Awesome!,2023-05-17T13:48:31.712089Z,McDonald's - Aveiro Glic√≠nias,ChIJB2GZ8qSiIw0RoL5sMBqTvIc,"{'latitude': 40.626881, 'longitude': -8.645451999999999}",4.2
Andrew Artajaya,5,"I didn't eat there, but that was a good looking McDonald's.",2019-11-12T00:09:59.915316Z,McDonald's - Aveiro Glic√≠nias,ChIJB2GZ8qSiIw0RoL5sMBqTvIc,"{'latitude': 40.626881, 'longitude': -8.645451999999999}",4.2
